,S.No,Parliament Constituency,Leading Candidate,Total Votes,Margin,party
0,34,Attingal(19),ADV ADOOR PRAKASH,297213,75,Indian National Congress
1,2,Muzaffarnagar(3),HARENDRA SINGH MALIK,376287,633,Samajwadi Party
2,177,Salempur(71),RAVINDAR KUSHAWAHA,244971,852,Bharatiya Janata Party
3,5,Mumbai North West(27),AMOL GAJANAN KIRTIKAR,389808,1785,Shiv Sena
4,93,Chandigarh(1),MANISH TEWARI,216657,2504,Indian National Congress
5,94,Lakshadweep(1),MUHAMMED HAMDULLAH SAYEED,25726,2647,Indian National Congress
6,75,Amroha(9),KUNWAR DANISH ALI,314211,2863,Indian National Congress
7,1,DHARMAPURI(10),SOWMIYA ANBUMANI,328892,3059,Pattali Makkal Katchi
8,44,Mumbai North Central(29),GAIKWAD VARSHA EKNATH,406036,3121,Indian National Congress
9,154,Badaun(23),DURVIJAY SINGH SHAKYA,277595,3774,Bharatiya Janata Party
10,2,Karimganj(7),HAFIZ RASHID AHMED CHOUDHURY,255452,4035,Indian National Congress
11,55,Firozpur(10),SHER SINGH GHUBAYA,262451,4137,Indian National Congress
12,201,KANKER(11),BHOJRAJ NAG,556446,4255,Bharatiya Janata Party
13,7,Purnia(12),SANTOSH KUMAR,247918,4876,Janata Dal
14,71,VIRUDHUNAGAR(34),MANICKAM TAGORE B,272227,4881,Indian National Congress
15,9,Aonla(24),NEERAJ MAURYA,445882,5010,Samajwadi Party
16,191,Bishnupur(37),KHAN SAUMITRA,608949,5115,Bharatiya Janata Party
17,144,Amroha(9),KANWAR SINGH TANWAR,321522,5223,Bharatiya Janata Party
18,166,Hamirpur(47),KUNWAR PUSHPENDRA SINGH CHANDEL,381533,5823,Bharatiya Janata Party
19,131,JAIPUR RURAL(6),RAO RAJENDRA SINGH,608189,5896,Bharatiya Janata Party
20,1,Jajpur(8),SARMISTHA SETHI,302293,6111,Biju Janata Dal
21,4,Daman & Diu (1),PATEL UMESHBHAI BABUBHAI,42523,6225,Independent
22,176,Bansgaon(67),KAMLESH PASWAN,361396,6756,Bharatiya Janata Party
23,42,Nanded(16),CHAVAN VASANTRAO BALWANTRAO,303364,7008,Indian National Congress
24,145,Meerut(10),ARUN GOVIL,529804,7105,Bharatiya Janata Party
25,6,Ahmednagar(37),NILESH DNYANDEV LANKE,271984,7135,Nationalist Congress Party – Sharadchandra Pawar
26,11,Dhaurahra(29),ANAND BHADAURIYA,426760,7192,Samajwadi Party
27,6,Hatkanangale(48),DHAIRYASHEEL SAMBHAJIRAO MANE,400349,7200,Shiv Sena
28,162,Farrukhabad(40),MUKESH RAJPUT,402509,7285,Bharatiya Janata Party
29,108,Beed(39),PANKAJA GOPINATHRAO MUNDE,257148,7501,Bharatiya Janata Party
30,222,Mahbubnagar(11),ARUNA. D. K,494283,8398,Bharatiya Janata Party
31,6,Katihar(11),DULAL CHANDRA GOSWAMI,398299,8761,Janata Dal
32,39,Bhandara Gondiya(11),DR. PRASHANT YADAORAO PADOLE,323580,9103,Indian National Congress
33,189,Kanthi(31),ADHIKARI SOUMENDU,289327,9715,Bharatiya Janata Party
34,32,Mavelikkara (16),KODIKUNNIL SURESH,357841,9953,Indian National Congress
35,122,Kandhamal(13),SUKANTA KUMAR PANIGRAHI,355457,9963,Bharatiya Janata Party
36,2,Dumka(2),NALIN SOREN,281841,10114,Jharkhand Mukti Morcha
37,190,Purulia(35),JYOTIRMAY SINGH MAHATO,311945,10642,Bharatiya Janata Party
38,184,Balurghat(6),SUKANTA MAJUMDAR,349370,11403,Bharatiya Janata Party
39,21,Saran(20),RAJIV PRATAP RUDY,230525,11619,Bharatiya Janata Party
40,2,Buxar(33),SUDHAKAR SINGH,281182,11742,Rashtriya Janata Dal
41,2,Anandpur Sahib(6),MALVINDER SINGH KANG,309308,11909,Aam Aadmi Party
42,163,Kanpur(43),RAMESH AWASTHI,347591,13369,Bharatiya Janata Party
43,12,SONIPAT(6),SATPAL BRAHAMCHARI,531112,14119,Indian National Congress
44,37,Amravati (7),BALWANT BASWANT WANKHADE,375326,14214,Indian National Congress
45,7,South Goa(2),CAPTAIN  VIRIATO FERNANDES,216022,14216,Indian National Congress
46,56,Patiala(13),DR DHARAMVIRA GANDHI,303772,14498,Indian National Congress
47,149,Aligarh(15),SATISH KUMAR GAUTAM,440408,14693,Bharatiya Janata Party
48,6,Sasaram(34),MANOJ KUMAR,345214,14958,Indian National Congress
49,35,Thiruvananthapuram(20),SHASHI THAROOR,353679,15759,Indian National Congress
50,12,NAMAKKAL(16),MATHESWARAN V S,285722,17113,Dravida Munnetra Kazhagam
51,167,Phulpur(51),PRAVEEN PATEL,334961,17476,Bharatiya Janata Party
52,59,JHUNJHUNU     (4),BRIJENDRA SINGH OLA,541203,17534,Indian National Congress
53,19,Fatehpur(49),NARESH CHANDRA UTTAM PATEL,403001,17650,Samajwadi Party
54,69,Bangalore central(25),P C MOHAN,634418,18722,Bharatiya Janata Party
55,17,Araria(9),PRADEEP KUMAR SINGH,498934,19248,Bharatiya Janata Party
56,1,Alathur (9),K.RADHAKRISHNAN,398450,19475,Communist Party of India
57,124,Kendrapara(15),BAIJAYANT PANDA,365458,20151,Bharatiya Janata Party
58,103,Akola(6),ANUP SANJAY DHOTRE,384491,20466,Bharatiya Janata Party
59,51,KURUKSHETRA(2),NAVEEN JINDAL,446460,21487,Bharatiya Janata Party
60,5,Kishanganj(10),MOHAMMAD JAWED,221705,21851,Indian National Congress
61,19,Davanagere(13),DR. PRABHA MALLIKARJUN,561127,22002,Indian National Congress
62,6,Mumbai North East(28),SANJAY DINA PATIL,404084,22181,Shiv Sena
63,33,Chandauli(76),BIRENDRA SINGH,471173,22233,Samajwadi Party
64,179,Bhadohi(78),DR. VINOD KUMAR BIND,375560,23619,Bharatiya Janata Party
65,1,Bijnor(4),CHANDAN CHAUHAN,330895,24052,Rashtriya Lok Dal
66,153,Fatehpur Sikri(19),RAJKUMAR CHAHAR,388247,24164,Bharatiya Janata Party
67,4,Baramati(35),SUPRIYA SULE,232443,24308,Nationalist Congress Party – Sharadchandra Pawar
68,157,Shahjahanpur(27),ARUN KUMAR SAGAR,311841,24696,Bharatiya Janata Party
69,109,Satara(45),SHRIMANT CHH UDAYANRAJE PRATAPSINHAMAHARAJ BHONSLE,510075,25152,Bharatiya Janata Party
70,20,Arambagh(29),BAG MITALI,370270,25739,All India Trinamool Congress
71,10,Ongole(16),MAGUNTA SREENIVASULU REDDY,404948,26527,Telugu Desam
72,29,Ballia(72),SANATAN PANDEY,211433,27181,Samajwadi Party
73,188,Tamluk(30),ABHIJIT GANGOPADHYAY,379548,27246,Bharatiya Janata Party
74,158,Hardoi(31),JAI PRAKASH,416054,27519,Bharatiya Janata Party
75,2,Sheohar(4),LOVELY ANAND,362377,28054,Janata Dal
76,125,Jagatsinghpur(16),BIBHU PRASAD TARAI,374199,28074,Bharatiya Janata Party
77,24,Bankura(36),ARUP CHAKRABORTY,597517,28097,All India Trinamool Congress
78,223,Andaman & Nicobar Islands(1),BISHNU PADA RAY,83609,28120,Bharatiya Janata Party
79,54,Ludhiana(7),AMRINDER SINGH RAJA WARRING,251666,28270,Indian National Congress
80,159,Misrikh(32),ASHOK KUMAR RAWAT,431769,28458,Bharatiya Janata Party
81,6,Ladakh(1),MOHMAD HANEEFA,64443,28673,Independent
82,82,KORBA(4),JYOTSNA CHARANDAS MAHANT,459928,28838,Indian National Congress
83,127,Bhubaneswar(18),APARAJITA SARANGI,370845,29188,Bharatiya Janata Party
84,1,Buldhana(5),JADHAV PRATAPRAO GANPATRAO,348238,29376,Shiv Sena
85,28,Patan(3),DABHI  BHARATSINHJI  SHANKARJI,583958,29496,Bharatiya Janata Party
86,100,Dhule(2),BHAMRE SUBHASH RAMRAO,486064,30071,Bharatiya Janata Party
87,218,Medak(6),MADHAVANENI RAGHUNANDAN RAO,440354,30568,Bharatiya Janata Party
88,19,Hooghly(28),RACHNA BANERJEE,423122,31197,All India Trinamool Congress
89,5,Arunachal East(2),TAPIR GAO,140715,31282,Bharatiya Janata Party
90,8,Etah(22),DEVESH SHAKYA,309035,32043,Samajwadi Party
91,175,Deoria(66),SHASHANK MANI,479503,32486,Bharatiya Janata Party
92,1,Coochbehar(1),JAGADISH CHANDRA BARMA BASUNIA,761225,32494,All India Trinamool Congress
93,172,Maharajganj(63),PANKAJ CHAUDHARY,503489,32504,Bharatiya Janata Party
94,3,Thirupathi(SC)(23),GURUMOORTHY MADDILA,535476,32865,Yuvajana Sramika Rythu Congress Party
95,13,Sultanpur(38),RAMBHUAL NISHAD,373428,32986,Samajwadi Party
96,10,Kheri(28),UTKARSH VERMA  'MADHUR',555019,33361,Samajwadi Party
97,15,Kolkata Uttar(24),BANDYOPADHYAY SUDIP,225073,33482,All India Trinamool Congress
98,8,Banaskantha(2),GENIBEN NAGAJI THAKOR,662926,33801,Indian National Congress
99,10,Siwan(18),VIJAYLAKSHMI DEVI,174212,34639,Janata Dal
100,3,Sitamarhi(5),DEVESH CHANDRA THAKUR,302261,35113,Janata Dal
101,22,Ujiarpur(22),NITYANAND RAI,395067,35440,Bharatiya Janata Party
102,171,Domariyaganj(60),JAGDAMBIKA PAL,412326,36141,Bharatiya Janata Party
103,45,Latur (41),DR. KALGE SHIVAJI BANDAPPA,360319,36422,Indian National Congress
104,1,Arrah(32),SUDAMA PRASAD,292816,36970,Communist Party of India
105,123,Cuttack(14),BHARTRUHARI MAHTAB,389670,37437,Bharatiya Janata Party
106,1,Wardha(8),AMAR SHARADRAO KALE,243678,37586,Nationalist Congress Party – Sharadchandra Pawar
107,31,Machhlishahr(74),PRIYA SAROJ,338768,37591,Samajwadi Party
108,7,Madha(43),MOHITE-PATIL DHAIRYASHEEL RAJSINH,358674,37932,Nationalist Congress Party – Sharadchandra Pawar
109,11,SALEM(15),SELVAGANAPATHI T M,253035,37954,Dravida Munnetra Kazhagam
110,43,Jalna(18),KALYAN VAIJINATHRAO KALE,331488,38111,Indian National Congress
111,155,Bareilly(25),CHHATRA PAL SINGH GANGWAR,462875,38725,Bharatiya Janata Party
112,11,HISAR(4),JAI PARKASH (J P) S/O HARIKESH,503511,38859,Indian National Congress
113,53,BHIWANI-MAHENDRAGARH(8),DHARAMBIR SINGH,575693,38953,Bharatiya Janata Party
114,141,KOTA(24),OM BIRLA,724352,39747,Bharatiya Janata Party
115,1,Mirzapur(79),ANUPRIYA PATEL,391698,39853,Apna Dal
116,160,Unnao(33),SWAMI SACHCHIDANAND HARI SAKSHI,540213,40042,Bharatiya Janata Party
117,21,Faizabad(54),AWADHESH PRASAD,437817,40097,Samajwadi Party
118,187,Bangaon(14),SHANTANU THAKUR,438131,40327,Bharatiya Janata Party
119,53,Amritsar(2),GURJEET SINGH AUJLA,253915,40340,Indian National Congress
120,15,COIMBATORE(20),GANAPATHY RAJKUMAR P,214631,40633,Dravida Munnetra Kazhagam
121,1,NAGAUR(14),HANUMAN BENIWAL,591460,41156,Rashtriya Loktantrik Party
122,7,Dum dum(16),SOUGATA RAY,318219,41579,All India Trinamool Congress
123,9,AMBALA(1),VARUN CHAUDHRY,627850,42180,Indian National Congress
124,17,Koppal(8),K. RAJASHEKAR BASAVARAJ HITNAL,624659,42224,Indian National Congress
125,183,Raiganj(5),KARTICK CHANDRA PAUL,365136,42277,Bharatiya Janata Party
126,20,Hassan(16),SHREYAS. M. PATEL,670274,43738,Indian National Congress
127,9,Shirdi (38),BHAUSAHEB RAJARAM WAKCHAURE,459425,43849,Shiv Sena
128,23,Medinipur(34),JUNE MALIAH,548223,43876,All India Trinamool Congress
129,225,Chandni Chowk(1),PRAVEEN KHANDELWAL,398923,43999,Bharatiya Janata Party
130,1,Hoshiarpur(5),DR. RAJ KUMAR CHABBEWAL,302402,44466,Aam Aadmi Party
131,13,Munger(28),RAJIV RANJAN SINGH ALIAS LALAN SINGH,345626,44563,Janata Dal
132,79,Allahabad(52),UJJWAL RAMAN SINGH,362906,44581,Indian National Congress
133,8,Mumbai South(31),ARVIND GANPAT SAWANT,349609,45051,Shiv Sena
134,118,Dhenkanal(9),RUDRA NARAYAN PANY,397720,46552,Bharatiya Janata Party
135,73,MORENA(1),SHIVMANGAL SINGH TOMAR,489367,46730,Bharatiya Janata Party
136,1,Rajmahal(1),VIJAY KUMAR HANSDAK,309375,46849,Jharkhand Mukti Morcha
137,2,CHENNAI SOUTH(3),T.SUMATHY (ALIAS) THAMIZHACHI THANGAPANDIAN,143022,47584,Dravida Munnetra Kazhagam
138,132,ALWAR(8),BHUPENDER YADAV,623426,48334,Bharatiya Janata Party
139,17,Jalaun(45),NARAYAN DAS AHIRWAR,440405,48447,Samajwadi Party
140,10,KALLAKURICHI(14),MALAIYARASAN D,499219,48830,Dravida Munnetra Kazhagam
141,30,Jaunpur(73),BABU SINGH KUSHWAHA,273261,49170,Samajwadi Party
142,170,Gonda(59),KIRTIVARDHAN SINGH,456179,49299,Bharatiya Janata Party
143,86,Zahirabad(5),SURESH KUMAR SHETKAR,518101,49947,Indian National Congress
144,1,Bathinda(11),HARSIMRAT KAUR BADAL,375019,50000,Shiromani Akali Dal
145,50,Nagaland(1),S SUPONGMEREN JAMIR,401302,50383,Indian National Congress
146,196,RAJNANDGAON(6),SANTOSH PANDEY,625329,50498,Bharatiya Janata Party
147,38,Ramtek (9),Shyamkumar (Babalu) Daulat Barve,388167,50526,Indian National Congress
148,200,BASTAR(10),MAHESH KASHYAP,440470,51522,Bharatiya Janata Party
149,7,Mumbai South Central(30),ANIL YESHWANT DESAI,395138,53384,Shiv Sena
150,1,Araku (ST)(1),GUMMA THANUJA RANI,434799,53434,Yuvajana Sramika Rythu Congress Party
151,60,BHARATPUR (9),SANJNA JATAV,572808,53539,Indian National Congress
152,23,Shrawasti(58),RAM SHIROMANI VERMA,353977,53573,Samajwadi Party
153,1,Kokrajhar (1),JOYANTA BASUMATARY,358391,53633,"United People’s Party, Liberal"
154,1,Patliputra(31),MISHA BHARTI,295362,53675,Rashtriya Janata Dal
155,130,BIKANER (2),ARJUN RAM MEGHWAL,561240,54274,Bharatiya Janata Party
156,220,Secunderabad(8),G. KISHAN REDDY,470279,54773,Bharatiya Janata Party
157,3,Baharampur(10),PATHAN YUSUF,380145,55047,All India Trinamool Congress
158,75,GWALIOR(3),BHARAT SINGH KUSHWAH,612360,55164,Bharatiya Janata Party
159,110,Ratnagiri- Sindhudurg(46),NARAYAN TATU RANE,418918,55286,Bharatiya Janata Party
160,2,Aurangabad(19),BHUMARE SANDIPANRAO ASARAM,299376,55808,Shiv Sena
161,6,Barrackpur(15),PARTHA BHOWMICK,323757,56745,All India Trinamool Congress
162,14,Pratapgarh(39),SHIV PAL SINGH PATEL (DR. S P SINGH),397097,57512,Samajwadi Party
163,224,Dadar & Nagar Haveli(2),DELKAR KALABEN MOHANBHAI,121074,57584,Bharatiya Janata Party
164,33,Pathanamthitta(17),ANTO ANTONY,336266,58929,Indian National Congress
165,4,Aurangabad(37),ABHAY KUMAR SINHA,281524,59104,Rashtriya Janata Dal
166,128,Aska(19),ANITA SUBHADARSHINI,316268,59305,Bharatiya Janata Party
167,27,Asansol(40),SHATRUGHAN PRASAD SINHA,598943,59780,All India Trinamool Congress
168,164,Akbarpur(44),DEVENDRA SINGH ALIAS BHOLE SINGH,427397,60826,Bharatiya Janata Party
169,1,Vaishali(16),VEENA DEVI,398748,60932,Lok Janshakti Party
170,168,Baharaich(56),ANAND KUMAR,511594,61023,Bharatiya Janata Party
171,5,Krishnanagar(12),MAHUA MOITRA,610499,61064,All India Trinamool Congress
172,25,Nawada(39),VIVEK THAKUR,334111,61529,Bharatiya Janata Party
173,4,Rajampet(24),P V MIDHUN REDDY,509618,61709,Yuvajana Sramika Rythu Congress Party
174,1,VILUPPURAM(13),RAVIKUMAR. D,364340,61815,Viduthalai Chiruthaigal Katchi
175,174,Kushi Nagar(65),VIJAY KUMAR DUBAY,396690,62569,Bharatiya Janata Party
176,31,Alappuzha(15),K. C VENUGOPAL,397984,62785,Indian National Congress
177,16,Madhubani(6),ASHOK KUMAR YADAV,254102,62904,Bharatiya Janata Party
178,54,GURGAON(9),RAO INDERJIT SINGH,696900,63003,Bharatiya Janata Party
179,74,BHIND(2),SANDHYA RAY,533462,63293,Bharatiya Janata Party
180,18,Banda(48),KRISHNA DEVI SHIVSHANKER PATEL,360682,63599,Samajwadi Party
181,15,Etawah(41),JITENDRA KUMAR DOHARE,440276,63669,Samajwadi Party
182,28,Chalakudy(11),BENNY BEHANAN,393913,63769,Indian National Congress
183,180,Alipurduars(2),MANOJ TIGGA,572803,64106,Bharatiya Janata Party
184,22,Kasaragod(1),RAJMOHAN UNNITHAN,327972,64341,Indian National Congress
185,192,SURGUJA(1),CHINTAMANI MAHARAJ,713200,64822,Bharatiya Janata Party
186,117,Bhadrak(7),AVIMANYU SETHI,343989,64879,Bharatiya Janata Party
187,63,TONK-SAWAI MADHOPUR (12),HARISH CHANDRA MEENA,623763,64949,Indian National Congress
188,2,CHIDAMBARAM(27),THIRUMAAVALAVAN THOL,314224,65238,Viduthalai Chiruthaigal Katchi
189,1,Yavatmal- Washim(14),SANJAY UTTAMRAO DESHMUKH,463904,65980,Shiv Sena
190,4,Nashik(21),RAJABHAU (PARAG) PRAKASH WAJE,263745,66146,Shiv Sena
191,2,Kadapa(21),Y. S. AVINASH REDDY,592903,66311,Yuvajana Sramika Rythu Congress Party
192,228,New Delhi(4),BANSURI SWARAJ,412462,66442,Bharatiya Janata Party
193,1,MIZORAM(1),RICHARD VANLALHMANGAIHA,206377,66845,Zoram People’s Movement
194,3,Bhiwandi(23),BALYA MAMA - SURESH GOPINATH MHATRE,326150,67673,Nationalist Congress Party – Sharadchandra Pawar
195,194,JANJGIR-CHAMPA(3),KAMLESH JANGDE,564625,67884,Bharatiya Janata Party
196,161,Lucknow(35),RAJ NATH SINGH,379096,68129,Bharatiya Janata Party
197,95,PUDUCHERRY(1),VE VAITHILINGAM,260809,68192,Indian National Congress
198,61,Bagalkot(3),GADDIGOUDAR. PARVATAGOUDA. CHANDANAGOUDA.,671039,68399,Bharatiya Janata Party
199,11,Bhagalpur(26),AJAY KUMAR MANDAL,337576,68526,Janata Dal
200,11,Nandyal(17),DR BYREDDY SHABARI,455997,69018,Telugu Desam
201,3,Faridkot(9),SARABJEET SINGH KHALSA,295569,69490,Independent
202,1,Kairana(2),IQRA CHOUDHARY,487602,70278,Samajwadi Party
203,51,Koraput(21),SAPTAGIRI SANKAR ULAKA,283926,70372,Indian National Congress
204,18,Srerampur(27),KALYAN BANERJEE,245456,70563,All India Trinamool Congress
205,227,East Delhi(3),HARSH MALHOTRA,527020,70614,Bharatiya Janata Party
206,2,SIKAR(5),AMRARAM,645559,70819,Communist Party of India
207,1,Giridih(6),CHANDRA PRAKASH CHOUDHARY,369503,70899,AJSU Party
208,46,Solapur(42),PRANITI SUSHILKUMAR SHINDE,433392,71524,Indian National Congress
209,58,CHURU(3),RAHUL KASWAN,718284,71662,Indian National Congress
210,12,Kurnoolu(18),BASTIPATI NAGARAJU PANCHALINGALA,404045,72089,Telugu Desam
211,2,Karakat(35),RAJA RAM SINGH,249880,72098,Communist Party of India
212,57,MANDI(2),KANGNA RANAUT,525691,72696,Bharatiya Janata Party
213,185,Maldaha Uttar(7),KHAGEN MURMU,408744,73294,Bharatiya Janata Party
214,62,Bijapur(4),RAMESH JIGAJINAGI,661489,73355,Bharatiya Janata Party
215,3,Parbhani(17),JADHAV SANJAY ( BANDU ) HARIBHAU,275128,73356,Shiv Sena
216,80,SATNA(9),GANESH SINGH,431318,74017,Bharatiya Janata Party
217,72,Thrissur(10),SURESH GOPI,412338,74686,Bharatiya Janata Party
218,49,Outer Manipur(2),ALFRED KANNGAM S ARTHUR,348684,75145,Indian National Congress
219,27,Palakkad(8),V K SREEKANDAN,417454,75318,Indian National Congress
220,52,Gurdaspur(1),SUKHJINDER SINGH RANDHAWA,330705,75343,Indian National Congress
221,5,Shirur(36),DR. AMOL RAMSING KOLHE,439445,75408,Nationalist Congress Party – Sharadchandra Pawar
222,4,Khagaria(25),RAJESH VERMA,205493,75539,Lok Janshakti Party
223,121,Nabarangpur(12),BALABHADRA MAJHI,408393,75651,Bharatiya Janata Party
224,116,Balasore(6),PRATAP CHANDRA SARANGI,296968,75982,Bharatiya Janata Party
225,15,Purvi Champaran(3),RADHA MOHAN SINGH,409762,76354,Bharatiya Janata Party
226,84,Lohardaga(12),SUKHDEO BHAGAT,216789,76682,Indian National Congress
227,66,KRISHNAGIRI(9),GOPINATH K,207676,77839,Indian National Congress
228,215,Adilabad (1),GODAM NAGESH,527837,78148,Bharatiya Janata Party
229,1,Sikkim(1),INDRA HANG SUBBA,156836,78170,Sikkim Krantikari Morcha
230,23,Begusarai(24),GIRIRAJ SINGH,623722,78385,Bharatiya Janata Party
231,12,Banka(27),GIRIDHARI YADAV,434934,78803,Janata Dal
232,15,Raichur(6),G. KUMAR NAIK.,642212,79147,Indian National Congress
233,34,Robertsganj(80),CHHOTELAL,310198,79656,Samajwadi Party
234,2,Hingoli(15),AASHTIKAR PATIL NAGESH BAPURAO,338392,79739,Shiv Sena
235,114,Keonjhar(4),ANANTA NAYAK,450408,81182,Bharatiya Janata Party
236,173,Gorakhpur(64),RAVINDRA SHUKLA ALIAS RAVI KISHAN,501441,83275,Bharatiya Janata Party
237,1,Raigad(32),TATKARE SUNIL DATTATREY,506529,83392,Nationalist Congress Party
238,14,Nalanda(29),KAUSHALENDRA KUMAR,287273,83547,Janata Dal
239,74,Saharanpur(1),IMRAN MASOOD,495777,84019,Indian National Congress
240,202,Godda(3),NISHIKANT DUBEY,495402,84055,Bharatiya Janata Party
241,203,Chatra(4),KALI CHARAN SINGH,242239,84495,Bharatiya Janata Party
242,1,Kottayam(14),ADV K FRANCIS GEORGE,352237,85445,Kerala Congress
243,12,Mohanlalganj(34),R.K. CHAUDHARY,458476,86537,Samajwadi Party
244,181,Jalpaiguri(3),DR JAYANTA KUMAR ROY,709230,86671,Bharatiya Janata Party
245,47,Bharuch(22),MANSUKHBHAI DHANJIBHAI VASAVA,605489,87070,Bharatiya Janata Party
246,57,GANGANAGAR (1),KULDEEP INDORA,719896,87799,Indian National Congress
247,126,Puri(17),SAMBIT PATRA,521174,88194,Bharatiya Janata Party
248,24,Basti(61),RAM PRASAD CHAUDHARY,485846,88413,Samajwadi Party
249,76,Sitapur(30),RAKESH RATHOR,523472,88494,Indian National Congress
250,4,Rampur(7),MOHIBBULLAH,480755,88622,Samajwadi Party
251,25,Sant Kabir Nagar(62),LAXMIKANT PAPPU NISHAD,438501,89809,Samajwadi Party
252,41,Anand(16),MITESH PATEL (BAKABHAI),612484,89939,Bharatiya Janata Party
253,26,Lalganj(68),DAROGA PRASAD SAROJ,342228,90453,Samajwadi Party
254,6,Firozabad(20),AKSHAYA YADAV,539679,90546,Samajwadi Party
255,59,SHIMLA(4),Suresh Kumar Kashyap,513936,90548,Bharatiya Janata Party
256,119,Bolangir(10),SANGEETA KUMARI SINGH DEO,393188,90708,Bharatiya Janata Party
257,2,Dindori (20),BHASKAR MURLIDHAR BHAGARE,496488,91171,Nationalist Congress Party – Sharadchandra Pawar
258,186,Ranaghat(13),JAGANNATH SARKAR,380352,91281,Bharatiya Janata Party
259,9,ARANI(12),THARANIVENTHAN M S,239869,91660,Dravida Munnetra Kazhagam
260,20,Maharajganj(19),"JANARDAN SINGH ""SIGRIWAL""",403765,91769,Bharatiya Janata Party
261,1,TIRUPPUR(18),"SUBBARAYAN, K.",337160,92590,Communist Party of India
262,195,BILASPUR(5),TOKHAN SAHU,436165,92664,Bharatiya Janata Party
263,1,Valmiki Nagar (1),SUNIL KUMAR,420520,92689,Janata Dal
264,4,Jhanjharpur(7),RAMPRIT MANDAL,257185,92768,Janata Dal
265,129,Berhampur(20),DR. PRADEEP KUMAR PANIGRAHY,305047,92984,Bharatiya Janata Party
266,14,Chikkodi(1),PRIYANKA SATISH JARKIHOLI,635323,93040,Indian National Congress
267,87,Nagarkurnool(12),DR.MALLU RAVI,459259,94361,Indian National Congress
268,3,Jahanabad(36),SURENDRA PRASAD YADAV,277663,94888,Rashtriya Janata Dal
269,67,KARUR(23),JOTHIMANI. S,323777,95131,Indian National Congress
270,24,Patna Sahib(30),RAVI SHANKAR PRASAD,377349,95843,Bharatiya Janata Party
271,63,Dharwad(11),PRALHAD JOSHI,713649,96033,Bharatiya Janata Party
272,2,Jangipur(9),KHALILUR RAHAMAN,407376,96104,All India Trinamool Congress
273,4,Arunachal West(1),KIREN RIJIJU,196415,96315,Bharatiya Janata Party
274,81,Maldaha Dakshin(8),ISHA KHAN CHOUDHURY,499713,96499,Indian National Congress
275,165,Jhansi(46),ANURAG SHARMA,646922,96778,Bharatiya Janata Party
276,8,Barasat(17),KAKOLI GHOSH DASTIDAR,505531,97886,All India Trinamool Congress
277,61,KARAULI-DHOLPUR (10),BHAJAN LAL JATAV,524450,98264,Indian National Congress
278,4,Murshidabad(11),ABU TAHER KHAN,430713,98491,All India Trinamool Congress
279,18,Bellary(9),E. TUKARAM,718727,98600,Indian National Congress
280,107,Pune(34),MURLIDHAR MOHOL,460418,98724,Bharatiya Janata Party
281,20,Kaushambi(50),PUSHPENDRA SAROJ,479634,99750,Samajwadi Party
282,13,ERODE(17),K E PRAKASH,252605,99952,Dravida Munnetra Kazhagam
283,3,Moradabad(6),RUCHI VIRA,595701,100125,Samajwadi Party
284,1,Sangli(44),VISHAL (DADA) PRAKASHBAPU PATIL,569329,100304,Independent
285,226,North-East Delhi(2),MANOJ TIWARI,666742,101000,Bharatiya Janata Party
286,206,Ranchi(8),SANJAY SETH,476402,101054,Bharatiya Janata Party
287,5,Maval(33),SHRIRANG APPA CHANDU BARNE,666140,101659,Shiv Sena
288,5,Jamui(40),ARUN BHARTI,437914,101873,Lok Janshakti Party
289,85,MANDLA(14),FAGGAN SINGH KULASTE,749761,104002,Bharatiya Janata Party
290,73,KANNIYAKUMARI(39),VIJAYAKUMAR (Alias) VIJAY VASANTH,274895,104659,Indian National Congress
291,3,RAMANATHAPURAM(35),NAVASKANI K,316278,104846,Indian Union Muslim League
292,48,Inner Manipur(1),ANGOMCHA BIMOL AKOIJAM,358889,105436,Indian National Congress
293,23,Kannur(2),K. SUDHAKARAN,495764,107726,Indian National Congress
294,40,Gadchiroli - Chimur(12),DR. KIRSAN  NAMDEO,482584,108877,Indian National Congress
295,217,Nizamabad(4),ARVIND DHARMAPURI,588780,109088,Bharatiya Janata Party
296,231,South Delhi(7),RAMVIR SINGH BIDHURI,657641,109909,Bharatiya Janata Party
297,7,VELLORE(8),DM KATHIR ANAND,316889,110071,Dravida Munnetra Kazhagam
298,113,Sambalpur(3),DHARMENDRA PRADHAN,512841,111157,Bharatiya Janata Party
299,47,Kolhapur(47),CHHATRAPATI SHAHU SHAHAJI,588663,111387,Indian National Congress
300,87,CHHINDWARA(16),BUNTY VIVEK SAHU,635096,112135,Bharatiya Janata Party
301,205,Dhanbad(7),DULU MAHATO,367402,112155,Bharatiya Janata Party
302,70,SIVAGANGA(31),KARTI P CHIDAMBARAM,241813,112404,Indian National Congress
303,64,BARMER(17),UMMEDA RAM BENIWAL,671842,112524,Indian National Congress
304,3,Singhbhum(10),JOBA MAJHI,371304,112804,Jharkhand Mukti Morcha
305,26,North Goa(1),SHRIPAD YESSO NAIK,253812,113621,Bharatiya Janata Party
306,32,Ghazipur(75),AFZAL ANSARI,485326,113684,Samajwadi Party
307,22,Jhargram(33),KALIPADA SAREN (KHERWAL),509289,113720,All India Trinamool Congress
308,135,JODHPUR(16),GAJENDRA SINGH SHEKHAWAT,716298,114115,Bharatiya Janata Party
309,91,RAJGARH(20),RODMAL NAGAR,609270,114448,Bharatiya Janata Party
310,24,Vadakara(3),SHAFI PARAMBIL,550930,114753,Indian National Congress
311,14,Hindupur(20),B K PARTHASARATHI,627200,115024,Telugu Desam
312,29,Birbhum(42),SATABDI ROY,527296,117570,All India Trinamool Congress
313,232,UDHAMPUR(4),DR JITENDRA SINGH,521163,118292,Bharatiya Janata Party
314,9,Gopalganj(17),DR. ALOK KUMAR SUMAN,470786,118687,Janata Dal
315,104,Nagpur(10),NITIN JAIRAM GADKARI,570063,119418,Bharatiya Janata Party
316,14,Paschim Champaran(2),DR.SANJAY JAISWAL,501715,119702,Bharatiya Janata Party
317,5,Supaul(8),DILESHWAR KAMAIT,430011,119850,Janata Dal
318,27,Azamgarh(69),DHARMENDRA YADAV,368480,121504,Samajwadi Party
319,72,TIRUNELVELI(38),ROBERT BRUCE C,358156,121581,Indian National Congress
320,8,Diphu(6),AMARSING TISSO,292476,122074,Bharatiya Janata Party
321,120,Kalahandi(11),MALVIKA DEVI,493850,122433,Bharatiya Janata Party
322,83,Khunti(11),KALI CHARAN MUNDA,429563,122738,Indian National Congress
323,28,Ghosi(70),RAJEEV RAI,334023,124824,Samajwadi Party
324,78,Amethi(37),KISHORI LAL,434815,126078,Indian National Congress
325,16,Kannauj(42),AKHILESH YADAV,511090,128316,Samajwadi Party
326,16,Bidar(7),SAGAR ESHWAR KHANDRE,665162,129396,Indian National Congress
327,5,Sambhal(8),ZIA UR REHMAN,511608,130275,Samajwadi Party
328,21,Ghatal(32),ADHIKARI DEEPAK (DEV),576037,130608,All India Trinamool Congress
329,21,Chamarajanagar(22),SUNIL BOSE,575234,130770,Indian National Congress
330,3,CHENNAI CENTRAL(4),DAYANIDHI MARAN,233076,131497,Dravida Munnetra Kazhagam
331,233,JAMMU(5),JUGAL KISHORE,677571,131540,Bharatiya Janata Party
332,85,Peddapalle (2),VAMSI KRISHNA GADDAM,474892,131872,Indian National Congress
333,8,TIRUVANNAMALAI(11),"ANNADURAI, C.N.",290507,132081,Dravida Munnetra Kazhagam
334,112,Sundargarh(2),JUAL ORAM,446087,132380,Bharatiya Janata Party
335,199,MAHASAMUND(9),ROOP KUMARI CHOUDHARY,635390,132440,Bharatiya Janata Party
336,30,Idukki(13),ADV. DEAN KURIAKOSE,432222,133754,Indian National Congress
337,22,Ambedkar Nagar(55),LALJI VERMA,483864,133839,Samajwadi Party
338,97,KHARGONE(27),GAJENDRA SINGH PATEL,817161,134513,Bharatiya Janata Party
339,38,Junagadh(13),CHUDASAMA RAJESHBHAI NARANBHAI,584049,135494,Bharatiya Janata Party
340,2,NAGAPATTINAM(29),SELVARAJ V,296228,135672,Communist Party of India
341,182,Darjeeling(4),RAJU BISTA,468242,135823,Bharatiya Janata Party
342,4,Jorhat(14),GAURAV GOGOI,722645,137462,Indian National Congress
343,26,Bardhaman-Durgapur(39),AZAD KIRTI JHA,716545,137648,All India Trinamool Congress
344,8,Narsaraopet(14),LAVU SRIKRISHNA DEVARAYALU,734747,138026,Telugu Desam
345,66,Mysore(21),YADUVEER KRISHNADATTA CHAMARAJA WADIYAR,795503,139262,Bharatiya Janata Party
346,16,Howrah(25),PRASUN BANERJEE,495319,139793,All India Trinamool Congress
347,3,Samastipur(23),SHAMBHAVI,424206,141046,Lok Janshakti Party
348,21,TENKASI(37),DR RANI SRI KUMAR,312323,141689,Dravida Munnetra Kazhagam
349,214,Haridwar(5),TRIVENDRA SINGH RAWAT,619112,143030,Bharatiya Janata Party
350,6,ARAKKONAM(7),S JAGATHRATCHAKAN,242639,143518,Dravida Munnetra Kazhagam
351,115,Mayurbhanj(5),NABA CHARAN MAJHI,363221,143569,Bharatiya Janata Party
352,9,Bapatla (SC)(15),KRISHNA PRASAD TENNETI,525941,144288,Telugu Desam
353,230,West Delhi(6),KAMALJEET SEHRAWAT,650310,144674,Bharatiya Janata Party
354,2,Hajipur(21),CHIRAG PASWAN,472996,144768,Lok Janshakti Party
355,1,Nagina(5),CHANDRASHEKHAR,491045,145053,Aazad Samaj Party
356,26,Kozhikode(5),M. K. RAGHAVAN,510178,145405,Indian National Congress
357,11,Mathurapur(20),BAPI HALDAR,455067,145552,All India Trinamool Congress
358,169,Kaiserganj(57),KARAN BHUSHAN SINGH,557775,147260,Bharatiya Janata Party
359,1,Kollam(18),N K PREMACHANDRAN,432670,147370,Revolutionary Socialist Party
360,2,Baghpat(11),DR RAJKUMAR SANGWAN,435003,148067,Rashtriya Lok Dal
361,36,Nandurbar(1),ADV GOWAAL KAGADA PADAVI,699632,151013,Indian National Congress
362,209,Hazaribagh(14),MANISH JAISWAL,356306,151221,Bharatiya Janata Party
363,25,Bardhaman Purba(38),DR. SHARMILA SARKAR,660875,151244,All India Trinamool Congress
364,8,Madhepura(13),DINESH CHANDRA YADAV,572433,152275,Janata Dal
365,178,Varanasi(77),NARENDRA MODI,611439,152355,Bharatiya Janata Party
366,211,Garhwal(2),ANIL BALUNI,412677,152986,Bharatiya Janata Party
367,19,Muzaffarpur(15),RAJ BHUSHAN CHOUDHARY,373775,153309,Bharatiya Janata Party
368,5,KANCHEEPURAM(6),SELVAM. G,418210,153955,Dravida Munnetra Kazhagam
369,4,Thane(25),NARESH GANPAT MHASKE,577854,155209,Shiv Sena
370,60,Belgaum(2),JAGADISH SHETTAR,663574,155291,Bharatiya Janata Party
371,221,Chevella(10),KONDA VISHWESHWAR REDDY,674831,155754,Bharatiya Janata Party
372,55,FARIDABAD(10),KRISHAN PAL,712126,157767,Bharatiya Janata Party
373,16,POLLACHI(21),ESWARASAMY K,362754,158368,Dravida Munnetra Kazhagam
374,10,Kaziranga(10),KAMAKHYA PRASAD TASA,709394,160051,Bharatiya Janata Party
375,204,Kodarma(5),ANNPURNA DEVI,364726,161979,Bharatiya Janata Party
376,30,Sabarkantha(5),SHOBHANABEN MAHENDRASINH BARAIYA,668140,162009,Bharatiya Janata Party
377,19,THENI(33),THANGA TAMILSELVAN,308688,162020,Dravida Munnetra Kazhagam
378,71,Chikkballapur(27),DR.K.SUDHAKAR,819588,162099,Bharatiya Janata Party
379,17,Uluberia(26),SAJDA AHMED,493624,162348,All India Trinamool Congress
380,14,Kolkata Dakshin(23),MALA ROY,424176,163040,All India Trinamool Congress
381,2,Khadoor Sahib(3),AMRITPAL SINGH,359415,166858,Independent
382,156,Pilibhit(26),JITIN PRASADA,565983,168382,Bharatiya Janata Party
383,5,Eluru(10),PUTTA MAHESH KUMAR,700767,171808,Telugu Desam
384,16,Chittoor(SC)(25),DAGGUMALLA PRASADA RAO,662674,172117,Telugu Desam
385,86,BALAGHAT(15),BHARTI PARDHI,702281,173019,Bharatiya Janata Party
386,18,Darbhanga(14),GOPAL JEE THAKUR,554193,173411,Bharatiya Janata Party
387,1,TIRUCHIRAPPALLI(24),DURAI VAIKO,301670,174365,Marumalarchi Dravida Munnetra Kazhagam
388,68,CUDDALORE(26),M.K. VISHNUPRASAD,439551,175206,Indian National Congress
389,81,REWA(10),JANARDAN MISHRA,442377,177337,Bharatiya Janata Party
390,1,SRINAGAR(2),AGA SYED RUHULLAH MEHDI,337176,177380,Jammu & Kashmir National Conference
391,1,Barpeta(3),PHANI BHUSAN CHOUDHURY,630991,177481,Asom Gana Parishad
392,58,HAMIRPUR(3),ANURAG SINGH THAKUR,592481,178056,Bharatiya Janata Party
393,105,Palghar(22),DR. HEMANT VISHNU SAVARA,585837,179830,Bharatiya Janata Party
394,4,MADURAI(32),VENKATESAN S,371927,181634,Communist Party of India
395,82,SIDHI(11),DR. RAJESH MISHRA,491755,181862,Bharatiya Janata Party
396,207,Jamshedpur(9),BIDYUT BARAN MAHATO,426857,182673,Bharatiya Janata Party
397,13,Ananthapur(19),AMBICA G LAKSHMINARAYANA VALMIKI,748461,182753,Telugu Desam
398,3,Nagaon(9),PRADYUT BORDOLOI,596251,184726,Indian National Congress
399,1,CHENNAI NORTH(2),DR.KALANIDHI VEERASWAMY,270494,184729,Dravida Munnetra Kazhagam
400,1,Kakinada(6),TANGELLA UDAY SRINIVAS  (TEA TIME UDAY),643578,190784,Janasena Party
401,13,Jadavpur(22),SAYANI GHOSH,555313,192386,All India Trinamool Congress
402,2,Machilipatnam(11),BALASHOWRY VALLABHANENI,573995,194294,Janasena Party
403,2,Vizianagaram(3),APPALANAIDU KALISETTI,587313,195120,Telugu Desam
404,41,Chandrapur(13),DHANORKAR PRATIBHA SURESH ALIAS BALUBHAU,530238,195735,Indian National Congress
405,152,Agra(18),PROF S P SINGH BAGHEL,461619,196908,Bharatiya Janata Party
406,12,Lakhimpur(12),PRADAN BARUAH,649002,196954,Bharatiya Janata Party
407,150,Hathras(16),ANOOP PRADHAN BALMIKI,445385,196985,Bharatiya Janata Party
408,5,BARAMULLA(1),ABDUL RASHID SHEIKH,452812,198924,Independent
409,136,JALORE (18),LUMBARAM,796783,201543,Bharatiya Janata Party
410,95,RATLAM(24),ANITA NAGARSINGH CHOUHAN,788210,207173,Bharatiya Janata Party
411,229,North-West Delhi(5),YOGENDER CHANDOLIYA,598596,208323,Bharatiya Janata Party
412,7,Guwahati(5),BIJULI KALITA  MEDHI,715699,209798,Bharatiya Janata Party
413,50,Valsad(26),DHAVAL LAXMANBHAI  PATEL,764226,210704,Bharatiya Janata Party
414,52,KARNAL(5),MANOHAR LAL,682324,211115,Bharatiya Janata Party
415,3,Kalyan(24),DR SHRIKANT EKNATH SHINDE,461829,213953,Shiv Sena
416,80,Barabanki(53),TANUJ PUNIA,696403,215738,Indian National Congress
417,111,Bargarh(1),PRADEEP PUROHIT,618890,216396,Bharatiya Janata Party
418,89,Bhongir (14),CHAMALA KIRAN KUMAR REDDY,614349,217555,Indian National Congress
419,90,Warangal(15),KADIYAM KAVYA,570748,217720,Indian National Congress
420,216,Karimnagar (3),BANDI SANJAY KUMAR,572741,218199,Bharatiya Janata Party
421,96,DHAR(25),SAVITRI THAKUR,794123,219313,Bharatiya Janata Party
422,14,NILGIRIS(19),RAJA A,433840,220770,Dravida Munnetra Kazhagam
423,7,Mainpuri(21),DIMPLE YADAV,596548,220932,Samajwadi Party
424,15,Nellore(22),PRABHAKAR REDDY VEMIREDDY,691583,221310,Telugu Desam
425,212,Almora(3),AJAY TAMTA,414273,224729,Bharatiya Janata Party
426,102,Raver(4),KHADSE RAKSHA NIKHIL,546311,228247,Bharatiya Janata Party
427,48,Bardoli(23),PARBHUBHAI NAGARBHAI VASAVA,754855,231336,Bharatiya Janata Party
428,62,DAUSA (11),MURARI LAL MEENA,635127,231701,Indian National Congress
429,2,Rajahmundry(8),DAGGUBATI PURANDHESHWARI,718641,235469,Bharatiya Janata Party
430,2,Ponnani(7),DR. M.P ABDUSSAMAD SAMADANI,540403,236518,Indian Union Muslim League
431,37,Jamnagar(12),POONAMBEN HEMATBHAI MAADAM,618120,237171,Bharatiya Janata Party
432,193,RAIGARH(2),RADHESHYAM RATHIYA,797718,237556,Bharatiya Janata Party
433,101,Jalgaon(3),SMITA UDAY WAGH,632259,239230,Bharatiya Janata Party
434,9,Basirhat(18),SK NURUL ISLAM,484836,241545,All India Trinamool Congress
435,1,Anakapalle(5),C.M.RAMESH,613138,242475,Bharatiya Janata Party
436,134,PALI(15),P. P. CHAUDHARY,749452,244123,Bharatiya Janata Party
437,10,Osmanabad(40),OMPRAKASH BHUPALSINH ALIAS PAVAN RAJENIMBALKAR,561042,244853,Shiv Sena
438,1,BANSWARA (20),RAJ KUMAR ROAT,814789,246880,Bharat Adivasi Party
439,208,Palamau(13),VISHNU DAYAL RAM,636113,248896,Bharatiya Janata Party
440,29,Ernakulam(12),HIBI EDEN,478989,248930,Indian National Congress
441,69,MAYILADUTHURAI(28),SUDHA R,475777,251143,Indian National Congress
442,56,KANGRA(1),DR RAJEEV BHARDWAJ,632793,251895,Bharatiya Janata Party
443,65,Udupi Chikmagalur(15),KOTA SRINIVAS POOJARY,708067,252716,Bharatiya Janata Party
444,9,Silchar (8),PARIMAL SUKLABAIDYA,543465,252880,Bharatiya Janata Party
445,151,Mathura(17),HEMAMALINI DHARMENDRA DEOL,438909,255856,Bharatiya Janata Party
446,6,Darrang-Udalguri(4),DILIP SAIKIA,724228,257024,Bharatiya Janata Party
447,18,THANJAVUR(30),MURASOLI S,412859,259418,Dravida Munnetra Kazhagam
448,210,Tehri Garhwal(1),MALA RAJYA LAKSHMI SHAH,440213,259513,Bharatiya Janata Party
449,137,UDAIPUR (19),MANNA LAL RAWAT,732757,259590,Bharatiya Janata Party
450,34,Surendranagar(9),CHANDUBHAI CHHAGANBHAI SHIHORA,664069,260907,Bharatiya Janata Party
451,106,Mumbai North(26),PIYUSH GOYAL,543333,262997,Bharatiya Janata Party
452,68,Bangalore North(24),SHOBHA KARANDLAJE,970924,266836,Bharatiya Janata Party
453,27,Kachchh(1),CHAVDA VINOD LAKHAMSHI,654279,267433,Bharatiya Janata Party
454,10,SIRSA(3),SELJA,732298,267826,Indian National Congress
455,70,Bangalore South(26),TEJASVI SURYA,727537,268077,Bharatiya Janata Party
456,67,Bangalore Rural(23),DR C N MANJUNATH,1075553,268094,Bharatiya Janata Party
457,98,KHANDWA(28),GYANESHWAR PATIL,861015,269622,Bharatiya Janata Party
458,13,Dibrugarh(13),SARBANANDA SONOWAL,679431,271375,Bharatiya Janata Party
459,4,SRIPERUMBUDUR(5),T R BAALU,425204,273135,Dravida Munnetra Kazhagam
460,3,Narsapuram(9),BHUPATHI RAJU SRINIVASA VARMA (B.J.P.VARMA),699382,273345,Bharatiya Janata Party
461,148,Bulandshahr(14),DR BHOLA SINGH,597310,275134,Bharatiya Janata Party
462,6,Vijayawada(12),KESINENI SIVANATH (CHINNI),770934,276763,Telugu Desam
463,2,ANANTNAG-RAJOURI(3),MIAN ALTAF AHMAD,516808,279303,Jammu & Kashmir National Conference
464,33,Ahmedabad West(8),DINESHBHAI MAKWANA (ADVOCATE),611704,286437,Bharatiya Janata Party
465,4,Amalapuram (SC)(7),G M HARISH (BALAYOGI),657064,286519,Telugu Desam
466,146,Ghaziabad(12),ATUL GARG,726354,288770,Bharatiya Janata Party
467,13,ROHTAK(7),DEEPENDER SINGH HOODA,631818,290363,Indian National Congress
468,1,Srikakulam(2),KINJARAPU RAMMOHAN NAIDU,676536,291292,Telugu Desam
469,20,THOOTHUKKUDI(36),KANIMOZHI KARUNANIDHI,415656,295023,Dravida Munnetra Kazhagam
470,28,Bolpur(41),ASIT KUMAR MAL,764580,296394,All India Trinamool Congress
471,1,Malappuram(6),E.T.  MOHAMMED BASHEER,639575,298305,Indian Union Muslim League
472,65,TIRUVALLUR(1),Sasikanth Senthil,420177,298433,Indian National Congress
473,7,Guntur(13),DR CHANDRA SEKHAR PEMMASANI,709613,299509,Telugu Desam
474,11,Sonitpur(11),RANJIT DUTTA,633768,303136,Bharatiya Janata Party
475,39,Amreli(14),BHARATBHAI MANUBHAI SUTARIYA,580872,321068,Bharatiya Janata Party
476,29,Mahesana(4),HARIBHAI PATEL,675614,323036,Bharatiya Janata Party
477,44,Dahod(19),JASWANTSINH SUMANBHAI BHABHOR,675576,325308,Bharatiya Janata Party
478,17,PERAMBALUR(25),ARUN NEHRU,503308,325396,Dravida Munnetra Kazhagam
479,213,Nainital-Udhamsingh Nagar(4),AJAY BHATT,756747,326667,Bharatiya Janata Party
480,133,AJMER (13),BHAGIRATH CHOUDHARY,747462,329991,Bharatiya Janata Party
481,64,Uttara Kannada(12),VISHWESHWAR HEGDE KAGERI,777887,334591,Bharatiya Janata Party
482,1,Hyderabad(9),ASADUDDIN OWAISI,658811,338335,All India Majlis-E-Ittehadul Muslimeen
483,91,Mahabubabad  (16),BALRAM NAIK PORIKA,605359,344214,Indian National Congress
484,3,Visakhapatnam(4),SRIBHARAT MATHUKUMILI,625593,344229,Telugu Desam
485,197,DURG(7),VIJAY BAGHEL,741180,347239,Bharatiya Janata Party
486,93,UJJAIN(22),ANIL FIROJIYA,757933,351175,Bharatiya Janata Party
487,140,BHILWARA(23),DAMODAR AGARWAL,807640,354606,Bharatiya Janata Party
488,42,Kheda(17),DEVUSINH CHAUHAN,744435,357758,Bharatiya Janata Party
489,3,DINDIGUL(22),SACHITHANANTHAM R,540528,358623,Communist Party of India
490,25,Wayanad(4),RAHUL GANDHI,641725,361394,Indian National Congress
491,90,BHOPAL(19),ALOK SHARMA,792622,361433,Bharatiya Janata Party
492,142,JHALAWAR-BARAN(25),DUSHYANT SINGH,861850,369508,Bharatiya Janata Party
493,1,Shillong(1),DR. RICKY ANDREW J. SYNGKON,571078,371910,Voice of the People Party
494,219,Malkajgiri(7),EATALA RAJENDER,960374,376800,Bharatiya Janata Party
495,99,BETUL(29),DURGADAS (D. D.) UIKEY,846696,378886,Bharatiya Janata Party
496,36,Porbandar(11),DR. MANSUKH MANDAVIYA,625962,380285,Bharatiya Janata Party
497,10,Joynagar(19),PRATIMA MONDAL,707211,380410,All India Trinamool Congress
498,138,CHITTORGARH(21),CHANDRA PRAKASH JOSHI,868900,383457,Bharatiya Janata Party
499,77,Rae Bareli(36),RAHUL GANDHI,684261,388615,Indian National Congress
500,139,RAJSAMAND(22),MAHIMA KUMARI MEWAR,781203,392223,Bharatiya Janata Party
501,83,SHAHDOL(12),SMT. HIMADRI SINGH,703570,392859,Bharatiya Janata Party
502,46,Chhota Udaipur(21),JASHUBHAI BHILUBHAI RATHVA,791727,397294,Bharatiya Janata Party
503,78,DAMOH(7),RAHUL SINGH LODHI,708589,405761,Bharatiya Janata Party
504,92,DEWAS(21),MAHENDRA SINGH SOLANKY,925917,423369,Bharatiya Janata Party
505,198,RAIPUR(8),BRIJMOHAN AGRAWAL,766897,424770,Bharatiya Janata Party
506,88,HOSHANGABAD(17),DARSHAN SINGH CHOUDHARY,810529,430661,Bharatiya Janata Party
507,77,SAGAR(5),DR. LATA WANKHEDE,752165,450678,Bharatiya Janata Party
508,40,Bhavnagar(15),NIMUBEN JAYANTIBHAI BAMBHANIYA (NIMUBEN BAMBHANIYA),716883,455289,Bharatiya Janata Party
509,32,Ahmedabad East(7),HASMUKHBHAI PATEL (H.S.PATEL),762517,458949,Bharatiya Janata Party
510,92,Khammam (17),RAMASAHAYAM RAGHURAM REDDY,759603,462011,Indian National Congress
511,94,MANDSOUR(23),SUDHEER GUPTA,893302,472797,Bharatiya Janata Party
512,84,JABALPUR(13),ASHISH DUBEY,769850,475079,Bharatiya Janata Party
513,35,Rajkot(10),PARSHOTTAMBHAI RUPALA,834197,476023,Bharatiya Janata Party
514,43,Panchmahal(18),RAJPALSINH MAHENDRASINH JADAV,784086,505107,Bharatiya Janata Party
515,79,KHAJURAHO(8),VISHNU DATT SHARMA (V.D.SHARMA),751970,525798,Bharatiya Janata Party
516,76,GUNA(4),JYOTIRADITYA M. SCINDIA,919744,538835,Bharatiya Janata Party
517,88,Nalgonda(13),KUNDURU RAGHUVEER,772264,552658,Indian National Congress
518,147,Gautam Buddha Nagar(13),DR. MAHESH SHARMA,850092,553934,Bharatiya Janata Party
519,45,Vadodara(20),DR. HEMANG JOSHI,873189,582126,Bharatiya Janata Party
520,143,Tripura West(1),BIPLAB KUMAR DEB,868484,602572,Bharatiya Janata Party
521,1,Dhubri (2),RAKIBUL HUSSAIN,1014295,689419,Indian National Congress
522,12,Diamond harbour(21),ABHISHEK BANERJEE,1011196,693420,All India Trinamool Congress
523,31,Gandhinagar(6),AMIT SHAH,998407,737357,Bharatiya Janata Party
524,49,Navsari(25),C R PATIL,1021095,767411,Bharatiya Janata Party
525,89,VIDISHA(18),SHIVRAJ SINGH CHOUHAN,1076631,793617,Bharatiya Janata Party
